event,frame,pts_seconds,glyph,center_x,center_y,scale,correlation
exit-store,233,7.774433,gear,254,103,1.06,0.992
exit-store,234,7.807800,gear,254.5,89.5,1.10,0.994
exit-store,235,7.841167,edge,254,456,1.06,0.995
exit-store,236,7.874533,store,60,70.5,1.14,0.992
exit-store,236,7.874533,mix,427,629,1.04,0.995
exit-store,238,7.941267,edge,254.5,457,1.38,0.993
exit-store,238,7.941267,mix,450.5,652.5,1.18,0.992
exit-settings,457,15.248567,gear,254,73,1.14,0.994
exit-settings,457,15.248567,edge,254,456.5,1.14,0.996
exit-settings,458,15.281933,mix,432.5,635,1.08,0.996
exit-maps,4338,144.744600,mix,428,204,1.06,0.993
exit-maps,4339,144.777967,mix,451,168.5,1.20,0.988
return-settings,566,18.885533,mix,394.5,595.5,0.86,0.964
return-settings,566,18.885533,edge,254.5,455.5,0.76,0.844
return-settings,567,18.918800,mix,398.5,600.5,0.88,0.974
return-settings,570,19.019000,store,111.5,173,0.84,0.984
return-settings,570,19.019000,mix,409,611,0.94,0.995
return-settings,573,19.119100,store,91.5,132,0.96,0.995
return-settings,579,19.319300,mix,419,621,1.00,0.995
