elapsed_ms,scale,yaw_degrees,alpha,TL_x,TL_y,TR_x,TR_y,BR_x,BR_y,BL_x,BL_y,sample_type
0,0.5,29.999999999999996,0.0,484.9232070668222,231.42857142857144,1329.5041722813605,300.0,1329.5041722813605,780.0,484.9232070668222,848.5714285714286,"interpolated model, not additional recorded frames"
10,0.5166644329076232,28.95829997398691,0.30303030303030304,463.97391803985494,221.11600295380782,1345.7373442901082,292.01814857974307,1345.7373442901082,787.9818514202569,463.97391803985494,858.8839970461922,"interpolated model, not additional recorded frames"
20,0.5538169643746911,26.645450989217505,0.6060606060606061,417.41886406362937,198.53399897650831,1382.7071370616363,273.97505711762716,1382.7071370616363,806.0249428823729,417.41886406362937,881.4660010234917,"interpolated model, not additional recorded frames"
30,0.5921964435175009,24.279829685596564,0.9090909090909091,369.9344443235169,175.88111360346664,1421.9756847520366,254.9230788749602,1421.9756847520366,825.0769211250398,369.9344443235169,904.1188863965333,"interpolated model, not additional recorded frames"
40,0.6188881073648836,22.675572893743315,1,337.5357284391723,160.5319252185393,1449.7795734534438,241.4194704868272,1449.7795734534438,838.5805295131728,337.5357284391723,919.4680747814607,"interpolated model, not additional recorded frames"
50,0.642644364577172,21.26908392154557,1,309.2296686839784,147.18598608936077,1474.900734011164,229.19876282091923,1474.900734011164,850.8012371790808,309.2296686839784,932.8140139106392,"interpolated model, not additional recorded frames"
60,0.6650465230942333,19.956023485529293,1,283.06570967769085,134.90018513359468,1498.9444670513794,217.47784837161163,1498.9444670513794,862.5221516283884,283.06570967769085,945.0998148664053,"interpolated model, not additional recorded frames"
70,0.6868098744055572,18.687288230530537,1,258.20481808929014,123.27082584485191,1522.668842270961,205.88467973802068,1522.668842270961,874.1153202619794,258.20481808929014,956.729174155148,"interpolated model, not additional recorded frames"
80,0.7086497100006333,17.41377480138537,1,233.8785881654726,111.93793965319094,1546.891054311246,194.01682168706822,1546.891054311246,885.9831783129318,233.8785881654726,968.0620603468091,"interpolated model, not additional recorded frames"
90,0.731281321368951,16.086379842929837,1,209.4129027601141,100.58966791400684,1572.4884597564487,181.43567283517388,1572.4884597564487,898.5643271648262,209.4129027601141,979.4103320859931,"interpolated model, not additional recorded frames"
100,0.75542,14.656000000000002,1,184.2584511763721,88.96991507619185,1600.4055806557926,167.65668041517546,1600.4055806557926,912.3433195848245,184.2584511763721,991.0300849238081,"interpolated model, not additional recorded frames"
110,0.7843123837638228,12.922202584968606,1,155.58368024221534,75.75872877423404,1634.7020235098103,150.61888303421648,1634.7020235098103,929.3811169657836,155.58368024221534,1004.241271225766,"interpolated model, not additional recorded frames"
120,0.815509823275179,11.034519963562737,1,126.53747421953653,62.34649287052116,1672.7863884276808,131.50542737620805,1672.7863884276808,948.494572623792,126.53747421953653,1017.6535071294788,"interpolated model, not additional recorded frames"
130,0.8411846791406331,9.468796360649971,1,104.25453084907474,51.994261941582806,1704.9878007459472,115.15600765229021,1704.9878007459472,964.8439923477098,104.25453084907474,1028.0057380584171,"interpolated model, not additional recorded frames"
140,0.8565782401042425,8.516778521643301,1,91.67582969563477,46.121426199412895,1724.740199447581,105.03710025858163,1724.740199447581,974.9628997414184,91.67582969563477,1033.8785738005872,"interpolated model, not additional recorded frames"
150,0.8677094659922184,7.821355585130616,1,82.96722866879725,42.03660580372224,1739.2444236372028,97.55906644865155,1739.2444236372028,982.4409335513485,82.96722866879725,1037.9633941962777,"interpolated model, not additional recorded frames"
160,0.87744313756032,7.212191759254184,1,75.60776865354092,38.56199723061593,1752.0551691530254,90.91581763604341,1752.0551691530254,989.0841823639566,75.60776865354092,1041.4380027693842,"interpolated model, not additional recorded frames"
170,0.8881963648270796,6.545327813313,1,67.71982819171944,34.79950017636543,1766.2942543010251,83.48390432985474,1766.2942543010251,996.5160956701452,67.71982819171944,1045.2004998236346,"interpolated model, not additional recorded frames"
180,0.9005159559751712,5.7846470677371995,1,59.019162664107625,30.60430985369794,1782.7553298085131,74.83137300831481,1782.7553298085131,1005.1686269916852,59.019162664107625,1049.395690146302,"interpolated model, not additional recorded frames"
190,0.912393424894483,5.055216157926301,1,50.96797133193013,26.67276577049597,1798.7735473245712,66.34748654141026,1798.7735473245712,1013.6525134585897,50.96797133193013,1053.327234229504,"interpolated model, not additional recorded frames"
200,0.92165,4.495,1,44.88739517448539,23.66099227882853,1811.3165633218991,59.65698292830314,1811.3165633218991,1020.3430170716969,44.88739517448539,1056.3390077211716,"interpolated model, not additional recorded frames"
210,0.9280705404581429,4.116434196385416,1,40.72973922430276,21.57305823440788,1820.0025180977182,54.9973904389193,1820.0025180977182,1025.0026095610806,40.72973922430276,1058.4269417655921,"interpolated model, not additional recorded frames"
220,0.933286740155643,3.8127907996307036,1,37.39928995381024,19.885905203467473,1827.066928377798,51.192950893512375,1827.066928377798,1028.8070491064877,37.39928995381024,1060.1140947965325,"interpolated model, not additional recorded frames"
230,0.9378900795879506,3.5432894010371183,1,34.524513966252925,18.422986627504088,1833.3420681027305,47.80419967064256,1833.3420681027305,1032.1958003293576,34.524513966252925,1061.577013372496,"interpolated model, not additional recorded frames"
240,0.9424352822088913,3.2717019277616814,1,31.774111962514553,17.02054705610817,1839.6081053134421,44.41269560533965,1839.6081053134421,1035.5873043946604,31.774111962514553,1062.9794529438918,"interpolated model, not additional recorded frames"
250,0.9470446328001405,2.994783978757781,1,29.04779314991697,15.623239741917587,1846.0022183342476,40.942186491423115,1846.0022183342476,1039.0578135085768,29.04779314991697,1064.3767602580824,"interpolated model, not additional recorded frames"
260,0.951561195834742,2.7223733743692033,1,26.43561470039299,14.276704193307523,1852.3035773081892,37.5121320935844,1852.3035773081892,1042.4878679064157,26.43561470039299,1065.7232958066925,"interpolated model, not additional recorded frames"
270,0.9558234926923622,2.464229894447542,1,24.025450112856902,13.027002012655203,1858.2839596970273,34.24758254103875,1858.2839596970273,1045.7524174589612,24.025450112856902,1066.9729979873448,"interpolated model, not additional recorded frames"
280,0.9596700447526676,2.2301133188443916,1,21.898474657952306,11.91792403823581,1863.7115293437157,31.276959268984683,1863.7115293437157,1048.7230407310153,21.898474657952306,1068.082075961764,"interpolated model, not additional recorded frames"
290,0.9629393733953249,2.029783427411346,1,20.13047272922927,10.991464811305377,1868.3514962103027,28.731488250246457,1868.3514962103027,1051.2685117497535,20.13047272922927,1069.0085351886946,"interpolated model, not additional recorded frames"
300,0.96547,1.873,1,18.793822363312188,10.288515583697631,1871.9671702413061,26.744249065129793,1871.9671702413061,1053.2557509348703,18.793822363312188,1069.7114844163025,"interpolated model, not additional recorded frames"
310,0.967362278433284,1.7534182969496983,1,17.823066146979045,9.77720695894493,1874.6956905639197,25.24264773703669,1874.6956905639197,1054.7573522629632,17.823066146979045,1070.222793041055,"interpolated model, not additional recorded frames"
320,0.9689054914352904,1.6538915728146155,1,17.053755958391662,9.37168337221101,1876.9409295885298,24.0057691632187,1876.9409295885298,1055.9942308367813,17.053755958391662,1070.628316627789,"interpolated model, not additional recorded frames"
330,0.9702215536959707,1.567976598768588,1,16.41080610517463,9.03226536957709,1878.8668474349874,22.94379422075599,1878.8668474349874,1057.056205779244,16.41080610517463,1070.967734630423,"interpolated model, not additional recorded frames"
340,0.9714323799052762,1.4892301459854533,1,15.821262859339754,8.720008736780528,1880.6385906702253,21.965815191839738,1880.6385906702253,1058.0341848081603,15.821262859339754,1071.2799912632195,"interpolated model, not additional recorded frames"
350,0.9726598847531587,1.411208985639048,1,15.21382060941346,8.396533920281172,1882.4222253185922,20.980074788320167,1882.4222253185922,1059.01992521168,15.21382060941346,1071.6034660797188,"interpolated model, not additional recorded frames"
360,0.9740259829295693,1.3274698889032097,1,14.51865788980831,8.023971850232556,1884.384656901944,19.89404300273293,1884.384656901944,1060.1059569972672,14.51865788980831,1071.9760281497674,"interpolated model, not additional recorded frames"
370,0.9756687827177273,1.2312838243588948,1,13.653946373422741,7.557403714741554,1886.7112934126076,18.60450711386443,1886.7112934126076,1061.3954928861356,13.653946373422741,1072.4425962852583,"interpolated model, not additional recorded frames"
380,0.9777885747825592,1.1186357972994854,1,12.458046030802734,6.906051263149038,1889.6253197956016,16.986079086367,1889.6253197956016,1063.013920913633,12.458046030802734,1073.093948736851,"interpolated model, not additional recorded frames"
390,0.9800179552612918,1.0041454639739884,1,11.179453355532132,6.20646774523334,1892.6637078735394,15.29608544808059,1892.6637078735394,1064.7039145519193,11.179453355532132,1073.7935322547667,"interpolated model, not additional recorded frames"
400,0.98185,0.9060000000000001,1,10.168756802066468,5.653122794231308,1895.198664771824,13.884977287809647,1895.198664771824,1066.1150227121902,10.168756802066468,1074.3468772057686,"interpolated model, not additional recorded frames"
410,0.9833010291892557,0.8223214550782557,1,9.420915580895326,5.24418981974793,1897.2584413348936,12.737823333652045,1897.2584413348936,1067.2621766663478,9.420915580895326,1074.755810180252,"interpolated model, not additional recorded frames"
420,0.9847010632042775,0.7405419106900905,1,8.712512595295607,4.856090286039034,1899.257192461663,11.623696457749702,1899.257192461663,1068.3763035422503,8.712512595295607,1075.143909713961,"interpolated model, not additional recorded frames"
430,0.9860137281681116,0.6628135901239995,1,8.061142062608269,4.498561045682095,1901.1423997488346,10.571975159808517,1901.1423997488346,1069.4280248401915,8.061142062608269,1075.501438954318,"interpolated model, not additional recorded frames"
440,0.9872026502038037,0.5912887166684797,1,7.483954330419692,4.181191929358874,1902.861290823496,9.612280736064122,1902.861290823496,1070.3877192639359,7.483954330419692,1075.8188080706411,"interpolated model, not additional recorded frames"
450,0.9882314554343999,0.5281195136120259,1,6.997740921900572,3.9134562290316808,1904.3608896609535,8.774433021224354,1904.3608896609535,1071.2255669787755,6.997740921900572,1076.0865437709683,"interpolated model, not additional recorded frames"
460,0.9890637699829462,0.47545820424313473,1,6.619052662561785,3.704752055702329,1905.5880866972288,8.088387097820714,1905.5880866972288,1071.9116129021793,6.619052662561785,1076.2952479442977,"interpolated model, not additional recorded frames"
470,0.9896685006195188,0.43504915439234887,1,6.36256339162594,3.563478057065936,1906.4981328068384,7.579452213880131,1906.4981328068384,1072.4205477861199,6.36256339162594,1076.4365219429342,"interpolated model, not additional recorded frames"
480,0.990114595175704,0.40176527125809836,1,6.202366480237629,3.4756407686508055,1907.1985607690913,7.187710451618386,1907.1985607690913,1072.8122895483816,6.202366480237629,1076.524359231349,"interpolated model, not additional recorded frames"
490,0.9904661735324395,0.3727857256142133,1,6.099004956148747,3.419332943911968,1907.773550018437,6.866093725344172,1907.773550018437,1073.1339062746558,6.099004956148747,1076.580667056088,"interpolated model, not additional recorded frames"
500,0.9907649854808336,0.34726546825163285,1,6.018795118953449,3.3757158859268657,1908.2697759235857,6.588453683992725,1908.2697759235857,1073.4115463160074,6.018795118953449,1076.6242841140731,"interpolated model, not additional recorded frames"
510,0.9910527808119945,0.3243594499612961,1,5.928185661641692,3.3260046566351775,1908.734007380916,6.3285691839278115,1908.734007380916,1073.6714308160722,5.928185661641692,1076.6739953433648,"interpolated model, not additional recorded frames"
520,0.9913713093170311,0.3032226215341423,1,5.793728340121788,3.2514556543551407,1909.2130853569888,6.060162282388887,1909.2130853569888,1073.9398377176112,5.793728340121788,1076.7485443456449,"interpolated model, not additional recorded frames"
530,0.9917623207870513,0.2830099337611105,1,5.582061357189218,3.1333602322716843,1909.7539119124654,5.756907272961371,1909.7539119124654,1074.2430927270386,5.582061357189218,1076.8666397677284,"interpolated model, not additional recorded frames"
540,0.9923249474863362,0.2645340172905651,1,5.190957029495394,2.9141889194850137,1910.4445474223303,5.369243831989593,1910.4445474223303,1074.6307561680105,5.190957029495394,1077.085811080515,"interpolated model, not additional recorded frames"
550,0.9931188249776627,0.24986431619421717,1,4.545990252594493,2.5520089514454867,1911.3249440112015,4.874630513750731,1911.3249440112015,1075.1253694862494,4.545990252594493,1077.4479910485545,"interpolated model, not additional recorded frames"
560,0.9938927543875617,0.23459647240290937,1,3.9255987896098077,2.203641308385272,1912.1915918201712,4.387739898317022,1912.1915918201712,1075.612260101683,3.9255987896098077,1077.7963586916148,"interpolated model, not additional recorded frames"
570,0.9943967420165667,0.21363609327027025,1,3.6127402315912605,2.0284267142409362,1912.8477747297243,4.019400888597488,1912.8477747297243,1075.9805991114026,3.6127402315912605,1077.971573285759,"interpolated model, not additional recorded frames"
580,0.9947109980933139,0.18014501010379025,1,3.5865754821575138,2.0147895810234786,1913.4269220567776,3.6947055187810065,1913.4269220567776,1076.3052944812189,3.5865754821575138,1077.9852104189765,"interpolated model, not additional recorded frames"
590,0.9949463015550678,0.1376331956679964,1,3.7115365966266154,2.0861873645570768,1914.005652028697,3.370272467612267,1914.005652028697,1076.6297275323877,3.7115365966266154,1077.9138126354428,"interpolated model, not additional recorded frames"
600,0.9951499395832256,0.09228376449598572,1,3.8910508816886704,2.1880185221523334,1914.5776837070825,3.0493564332144842,1914.5776837070825,1076.9506435667854,3.8910508816886704,1077.8119814778477,"interpolated model, not additional recorded frames"
610,0.9953691993591841,0.05027983112085557,1,4.028423257342979,2.2657810299806442,1915.1369146949132,2.735278612614593,1915.1369146949132,1077.2647213873854,4.028423257342979,1077.7342189700194,"interpolated model, not additional recorded frames"
620,0.9956513680643398,0.017804510075703103,1,4.026845676227367,2.2650747299876457,1915.6774258101502,2.431422026931841,1915.6774258101502,1077.5685779730682,4.026845676227367,1077.7349252700124,"interpolated model, not additional recorded frames"
630,0.9960437328800902,0.0010409158936256718,1,3.789365021667777,2.1315177359250583,1916.193331992395,2.1412506655162815,1916.193331992395,1077.8587493344837,3.789365021667777,1077.8684822640748,"interpolated model, not additional recorded frames"
640,0.9977201286034952,0.0,1,2.1886765406445647,1.2311305541126103,1917.8113234593554,1.2311305541126103,1917.8113234593554,1078.7688694458875,2.1886765406445647,1078.7688694458875,"interpolated model, not additional recorded frames"
650,1.0,0.0,1,0.0,0.0,1920.0,0.0,1920.0,1080.0,0.0,1080.0,"interpolated model, not additional recorded frames"
