frame,source_seconds,elapsed_ms,x,y,width,height,scale_x,center_dx,estimated_opacity,mean_pixel_change
1920,32.0,0.0,,,,,,,,
1921,32.016667,16.667,,,,,,,,0.209202
1922,32.033333,33.333,472,350,156,154,0.629032,326.0,0.5966,3.236379
1923,32.05,50.0,456,332,168,168,0.677419,316.0,0.7531,2.070829
1924,32.066667,66.667,456,332,168,168,0.677419,316.0,0.7531,0.108195
1925,32.083333,83.333,420,301,190,189,0.766129,291.0,1,4.633152
1926,32.1,100.0,406,286,198,198,0.798387,281.0,1,2.504126
1927,32.116667,116.667,392,276,206,206,0.830645,271.0,1,2.231902
1928,32.133333,133.333,378,268,212,210,0.854839,260.0,1,2.434988
1929,32.15,150.0,366,261,214,215,0.862903,249.0,1,2.724259
1930,32.166667,166.667,354,254,219,220,0.883065,239.5,1,2.886145
1931,32.183333,183.333,344,249,222,223,0.895161,231.0,1,3.007628
1932,32.2,200.0,332,245,226,225,0.91129,221.0,1,3.259015
1933,32.216667,216.667,322,241,228,227,0.919355,212.0,1,3.717476
1934,32.233333,233.333,312,237,232,231,0.935484,204.0,1,3.429044
1935,32.25,250.0,304,234,234,232,0.943548,197.0,0.9991,3.257484
1936,32.266667,266.667,296,232,234,234,0.943548,189.0,0.9985,3.373011
1937,32.283333,283.333,280,226,238,238,0.959677,175.0,0.9998,5.335258
1938,32.3,300.0,272,225,240,239,0.967742,168.0,1,3.127058
1939,32.316667,316.667,266,224,240,238,0.967742,162.0,0.9991,3.183431
1940,32.333333,333.333,260,222,240,240,0.967742,156.0,0.9955,3.275908
1941,32.35,350.0,252,220,243,242,0.979839,149.5,1,3.108807
1942,32.366667,366.667,248,220,242,242,0.975806,145.0,1,2.948424
1943,32.383333,383.333,242,218,243,242,0.979839,139.5,1,2.888227
1944,32.4,400.0,236,218,244,242,0.983871,134.0,1,2.932366
1945,32.416667,416.667,230,216,246,244,0.991935,129.0,1,2.812134
1946,32.433333,433.333,226,216,245,244,0.987903,124.5,1,2.635553
1947,32.45,450.0,222,216,245,244,0.987903,120.5,1,2.638573
1948,32.466667,466.667,216,214,246,246,0.991935,115.0,1,2.590601
1949,32.483333,483.333,212,214,246,246,0.991935,111.0,1,2.601329
1950,32.5,500.0,208,214,247,246,0.995968,107.5,1,2.405601
1951,32.516667,516.667,204,214,247,246,0.995968,103.5,1,2.370817
1952,32.533333,533.333,200,212,248,248,1.0,100.0,1,2.448139
1953,32.55,550.0,196,212,248,248,1.0,96.0,1,2.253997
1954,32.566667,566.667,190,212,248,246,1.0,90.0,1,3.459033
1955,32.583333,583.333,190,212,248,246,1.0,90.0,1,0.092098
1956,32.6,600.0,184,212,248,246,1.0,84.0,1,3.412173
1957,32.616667,616.667,180,212,248,246,1.0,80.0,1,1.973709
1958,32.633333,633.333,178,212,248,246,1.0,78.0,1,1.982801
1959,32.65,650.0,174,210,248,248,1.0,74.0,1,2.107863
1960,32.666667,666.667,174,212,248,246,1.0,74.0,1,0.128015
1961,32.683333,683.333,170,212,248,246,1.0,70.0,1,2.985322
1962,32.7,700.0,168,212,248,246,1.0,68.0,1,1.861528
1963,32.716667,716.667,164,212,248,246,1.0,64.0,1,1.823741
1964,32.733333,733.333,162,212,248,246,1.0,62.0,1,1.767305
1965,32.75,750.0,160,212,248,246,1.0,60.0,1,1.669721
1966,32.766667,766.667,158,212,248,246,1.0,58.0,0.9994,1.670323
1967,32.783333,783.333,156,212,248,246,1.0,56.0,1,1.675117
1968,32.8,800.0,154,212,248,246,1.0,54.0,1,1.648007
1969,32.816667,816.667,152,212,248,246,1.0,52.0,1,1.575398
1970,32.833333,833.333,148,212,248,246,1.0,48.0,1,2.376674
1971,32.85,850.0,146,212,248,246,1.0,46.0,1,1.458844
1972,32.866667,866.667,144,212,250,246,1.008065,45.0,1,1.425187
1973,32.883333,883.333,144,212,248,246,1.0,44.0,1,1.360763
1974,32.9,900.0,142,212,248,246,1.0,42.0,1,1.470967
1975,32.916667,916.667,140,212,248,246,1.0,40.0,1,1.347127
1976,32.933333,933.333,138,212,248,246,1.0,38.0,1,1.356388
1977,32.95,950.0,138,212,248,246,1.0,38.0,1,1.217205
1978,32.966667,966.667,136,212,248,246,1.0,36.0,1,1.386551
1979,32.983333,983.333,134,212,248,246,1.0,34.0,1,1.28187
1980,33.0,1000.0,134,212,248,246,1.0,34.0,1,1.223838
1981,33.016667,1016.667,132,212,248,246,1.0,32.0,1,1.216266
1982,33.033333,1033.333,130,212,249,246,1.004032,30.5,1,1.294176
1983,33.05,1050.0,128,210,248,248,1.0,28.0,0.9995,1.94844
1984,33.066667,1066.667,128,212,248,246,1.0,28.0,1,1.157238
1985,33.083333,1083.333,126,212,249,246,1.004032,26.5,1,1.131639
1986,33.1,1100.0,126,212,248,246,1.0,26.0,1,1.079721
1987,33.116667,1116.667,124,212,248,246,1.0,24.0,1,1.098831
1988,33.133333,1133.333,124,212,248,246,1.0,24.0,1,1.114778
1989,33.15,1150.0,122,212,249,246,1.004032,22.5,1,1.063864
1990,33.166667,1166.667,122,212,248,246,1.0,22.0,1,0.953827
1991,33.183333,1183.333,122,212,248,246,1.0,22.0,1,0.877256
1992,33.2,1200.0,120,212,248,246,1.0,20.0,1,0.980342
1993,33.216667,1216.667,120,212,248,246,1.0,20.0,1,1.00522
1994,33.233333,1233.333,118,212,249,246,1.004032,18.5,1,0.9117
1995,33.25,1250.0,118,212,248,246,1.0,18.0,1,0.927632
1996,33.266667,1266.667,118,212,248,246,1.0,18.0,1,0.777281
1997,33.283333,1283.333,116,212,248,246,1.0,16.0,1,0.966331
1998,33.3,1300.0,116,212,248,246,1.0,16.0,1,0.932484
1999,33.316667,1316.667,114,212,249,246,1.004032,14.5,1,1.344364
2000,33.333333,1333.333,114,212,249,246,1.004032,14.5,1,0.183114
2001,33.35,1350.0,114,212,248,246,1.0,14.0,1,1.309687
2002,33.366667,1366.667,112,212,249,246,1.004032,12.5,1,0.754009
2003,33.383333,1383.333,112,212,248,246,1.0,12.0,1,0.672482
2004,33.4,1400.0,112,212,248,246,1.0,12.0,1,0.819278
2005,33.416667,1416.667,112,212,248,246,1.0,12.0,1,0.506873
2006,33.433333,1433.333,110,212,249,246,1.004032,10.5,1,0.688223
2007,33.45,1450.0,110,212,248,246,1.0,10.0,1,0.623685
2008,33.466667,1466.667,110,212,248,246,1.0,10.0,1,0.659862
2009,33.483333,1483.333,110,212,248,246,1.0,10.0,1,0.592732
2010,33.5,1500.0,110,212,248,246,1.0,10.0,1,0.592586
2011,33.516667,1516.667,108,212,248,246,1.0,8.0,1,0.599688
2012,33.533333,1533.333,108,212,248,246,1.0,8.0,1,0.454129
2013,33.55,1550.0,108,212,248,246,1.0,8.0,1,0.955306
2014,33.566667,1566.667,108,212,248,246,1.0,8.0,1,0.46153
2015,33.583333,1583.333,106,212,249,246,1.004032,6.5,1,0.572164
2016,33.6,1600.0,106,212,249,246,1.004032,6.5,1,0.058409
2017,33.616667,1616.667,106,212,248,246,1.0,6.0,1,0.731462
2018,33.633333,1633.333,106,212,248,246,1.0,6.0,1,0.459313
2019,33.65,1650.0,106,212,248,246,1.0,6.0,1,0.490959
2020,33.666667,1666.667,106,212,248,246,1.0,6.0,1,0.420358
2021,33.683333,1683.333,104,212,250,246,1.008065,5.0,1,0.371138
2022,33.7,1700.0,104,212,249,246,1.004032,4.5,1,0.382144
2023,33.716667,1716.667,104,212,248,246,1.0,4.0,1,0.43226
2024,33.733333,1733.333,104,212,248,246,1.0,4.0,1,0.415536
2025,33.75,1750.0,104,212,248,246,1.0,4.0,1,0.392663
2026,33.766667,1766.667,104,212,248,246,1.0,4.0,1,0.344839
2027,33.783333,1783.333,104,210,248,248,1.0,4.0,1,0.4138
2028,33.8,1800.0,104,212,248,246,1.0,4.0,1,0.29493
2029,33.816667,1816.667,104,212,248,246,1.0,4.0,1,0.560438
2030,33.833333,1833.333,102,212,250,246,1.008065,3.0,1,0.359049
2031,33.85,1850.0,102,212,249,246,1.004032,2.5,1,0.277054
2032,33.866667,1866.667,102,212,249,246,1.004032,2.5,1,0.26475
2033,33.883333,1883.333,102,212,248,246,1.0,2.0,1,0.330255
2034,33.9,1900.0,102,212,248,246,1.0,2.0,1,0.297398
2035,33.916667,1916.667,102,212,248,246,1.0,2.0,1,0.256019
2036,33.933333,1933.333,102,212,248,246,1.0,2.0,1,0.218411
2037,33.95,1950.0,102,212,248,246,1.0,2.0,1,0.235648
2038,33.966667,1966.667,102,212,248,246,1.0,2.0,1,0.216372
2039,33.983333,1983.333,102,212,248,246,1.0,2.0,1,0.239276
2040,34.0,2000.0,102,212,248,246,1.0,2.0,1,0.048976
2041,34.016667,2016.667,102,212,248,246,1.0,2.0,1,0.260495
2042,34.033333,2033.333,102,212,248,246,1.0,2.0,1,0.233057
2043,34.05,2050.0,102,212,248,246,1.0,2.0,1,0.20714
2044,34.066667,2066.667,102,212,248,246,1.0,2.0,1,0.162448
2045,34.083333,2083.333,102,210,248,248,1.0,2.0,1,0.191477
2046,34.1,2100.0,102,210,248,248,1.0,2.0,1,0.147932
2047,34.116667,2116.667,100,210,249,248,1.004032,0.5,1,0.180488
2048,34.133333,2133.333,100,210,249,248,1.004032,0.5,1,0.18507
2049,34.15,2150.0,100,210,249,248,1.004032,0.5,1,0.076977
2050,34.166667,2166.667,100,210,250,248,1.008065,1.0,1,0.127196
2051,34.183333,2183.333,100,210,249,248,1.004032,0.5,1,0.113227
2052,34.2,2200.0,100,210,249,248,1.004032,0.5,1,0.1359
2053,34.216667,2216.667,100,210,249,248,1.004032,0.5,1,0.061076
2054,34.233333,2233.333,100,210,249,248,1.004032,0.5,1,0.067843
2055,34.25,2250.0,100,210,249,248,1.004032,0.5,1,0.028547
2056,34.266667,2266.667,100,210,249,248,1.004032,0.5,1,0.043206
2057,34.283333,2283.333,100,210,249,248,1.004032,0.5,1,0.085208
2058,34.3,2300.0,100,210,249,248,1.004032,0.5,1,0.023475
2059,34.316667,2316.667,100,210,249,248,1.004032,0.5,1,0.024965
2060,34.333333,2333.333,100,210,249,248,1.004032,0.5,1,0.012114
2061,34.35,2350.0,100,210,249,248,1.004032,0.5,1,0.026536
2062,34.366667,2366.667,100,210,248,248,1.0,0.0,1,0.0978
2063,34.383333,2383.333,100,210,248,248,1.0,0.0,1,0.014373
2064,34.4,2400.0,100,210,248,248,1.0,0.0,1,0.052065
2065,34.416667,2416.667,100,210,248,248,1.0,0.0,1,0.013546
2066,34.433333,2433.333,100,210,248,248,1.0,0.0,1,0.028547
2067,34.45,2450.0,100,210,248,248,1.0,0.0,1,0.016588
2068,34.466667,2466.667,100,210,248,248,1.0,0.0,1,0.015895
2069,34.483333,2483.333,100,210,248,248,1.0,0.0,1,0.006194
2070,34.5,2500.0,100,210,248,248,1.0,0.0,1,0.010804
2071,34.516667,2516.667,100,210,248,248,1.0,0.0,1,0.005152
2072,34.533333,2533.333,100,210,248,248,1.0,0.0,1,0.007331
2073,34.55,2550.0,100,210,248,248,1.0,0.0,1,0.032164
2074,34.566667,2566.667,100,210,248,248,1.0,0.0,1,0.001776
2075,34.583333,2583.333,100,210,248,248,1.0,0.0,1,0.001589
2076,34.6,2600.0,100,210,248,248,1.0,0.0,1,0.002299
2077,34.616667,2616.667,100,210,248,248,1.0,0.0,1,0.013412
2078,34.633333,2633.333,100,210,248,248,1.0,0.0,1,0.016132
2079,34.65,2650.0,100,210,248,248,1.0,0.0,1,0.002782
2080,34.666667,2666.667,100,210,248,248,1.0,0.0,1,0.009128
2081,34.683333,2683.333,100,210,248,248,1.0,0.0,1,0.00296
2082,34.7,2700.0,100,210,248,248,1.0,0.0,1,0.007688
2083,34.716667,2716.667,100,210,248,248,1.0,0.0,1,0.005204
2084,34.733333,2733.333,100,210,248,248,1.0,0.0,1,0.004157
2085,34.75,2750.0,100,210,248,248,1.0,0.0,1,0.005748
2086,34.766667,2766.667,100,210,248,248,1.0,0.0,1,0.006493
2087,34.783333,2783.333,100,210,248,248,1.0,0.0,1,0.011264
2088,34.8,2800.0,100,210,248,248,1.0,0.0,1,0.159948
